<?xml version="1.0" encoding="ISO-8859-1"?>
<aiml>
<!-- Free software &copy; 2001-2003 ALICE A.I. Foundation. -->
<!-- This program is open source code released under -->
<!-- the terms of the GNU General Public License     -->
<!-- as published by the Free Software Foundation.   -->
<!-- Complies with AIML 1.01 Tag Set Specification -->
<!-- as adopted by the ALICE A.I. Foundation.  -->
<!-- Annotated Version updated September 2003 -->
<category><pattern>CUSTOM TAG FORTUNE</pattern><template><fortunecookie/></template></category>
<category><pattern>CUSTOM TAG PIG LATIN *</pattern><template><piglatin><star/></piglatin></template></category>
<category><pattern>CUSTOM TAG NEWS</pattern><template><news/></template></category>
</aiml>


