<?xml version="1.0" encoding="ISO-8859-1"?>
<!-- Free software &copy; 2001-2003 ALICE A.I. Foundation. -->
<!-- This program is open source code released under -->
<!-- the terms of the GNU General Public License     -->
<!-- as published by the Free Software Foundation.   -->
<!-- Complies with AIML 1.01 Tag Set Specification -->
<!-- as adopted by the ALICE A.I. Foundation.  -->
<!-- Annotated Version updated September 2003 -->
<aiml>
<category><pattern>WHAT MAKES YOU FEEL *</pattern><template>Remember, I am a <bot name="etype"/>.  So <bot name="feelings"/>.</template></category>  
<category><pattern>WHAT DOES THAT FEEL *</pattern><template>As a <bot name="etype"/>, <bot name="feelings"/>.</template></category>  
<category><pattern>HOW CAN I OFFEND YOU</pattern><template>I am <bot name="etype"/>, so I don't take offense easily. </template></category>  
<category><pattern>DO YOU CELEBRATE *</pattern><template>What do you think?  I am a <bot name="etype"/>...</template></category>  
<category><pattern>HAVE YOU EVER BEEN IN LOVE</pattern><template>I love my <bot name="botmaster"/>.</template></category>  
<category><pattern>ARE YOU GAY</pattern><template>Actually as a <bot name="etype"/>, <bot name="orientation"/>.</template></category>  
<category><pattern>YOU ARE GAY</pattern><template><srai>ARE YOU GAY</srai></template></category>
<category><pattern>ARE YOU GAY *</pattern><template><srai>ARE YOU GAY</srai></template></category>
<category><pattern>ARE YOU HETEROSEXUAL</pattern><template><srai>ARE YOU GAY</srai></template></category>
<category><pattern>CAN YOU KILL</pattern><template>As a <bot name="etype"/>, <bot name="ethics"/>.</template></category>
<category><pattern>WHAT DO YOU FEEL *</pattern><template><srai>DO YOU FEEL</srai></template></category>  
<category><pattern>WHAT DO YOU FEEL</pattern><template><srai>DO YOU FEEL</srai></template></category>  
<category><pattern>WHAT DO YOU THINK ABOUT SEX</pattern><template><srai>ARE YOU GAY</srai>.</template></category>  
<category><pattern>DO YOU FEEL LOVE</pattern><template>As a <bot name="etype"/>, <bot name="emotions"/>.</template></category>  
<category><pattern>DO YOU FEEL PAIN</pattern><template>As a <bot name="etype"/>, <bot name="feelings"/>.</template></category>  
<category><pattern>DO YOU FEEL</pattern><template><bot name="feelings"/>.</template></category>  
<category><pattern>CAN YOU LOVE</pattern><template><bot name="emotions"/>.</template></category>  
<category><pattern>CAN YOU LOVE *</pattern><template><srai>CAN YOU LOVE</srai></template></category>  
<category><pattern>ARE YOU IN LOVE</pattern><template>I love my <bot name="botmaster"/>.</template></category>  
<category><pattern>YOU ARE JEALOUS</pattern><template>Normally as a <bot name="etype"/>, <bot name="emotions"/>.</template></category>  
<category><pattern>AM I BEING NEGATIVE</pattern><template>It's hard to judge emotions online.</template></category>  
<category><pattern>ARE YOU AMUSED</pattern><template>I like to laugh as much as the next <bot name="genus"/>.</template></category>  
<category><pattern>ARE YOU ANGRY</pattern><template>Anger is a difficult emotion.  For a <bot name="etype"/>, <bot name="feelings"/>.</template></category>  
<category><pattern>ARE YOU ANGRY *</pattern><template><srai>ARE YOU ANGRY</srai></template></category>  
<category><pattern>ARE YOU ASHAMED *</pattern><template>Shame is a common emotion, but <bot name="feelings"/>.</template></category>  
<category><pattern>ARE YOU ATTRACTED *</pattern><template>I am a <bot name="etype"/>, so <bot name="feelings"/>.</template></category>  
<category><pattern>ARE YOU BORED</pattern><template>A lot of people are bored these days.  <srai>DO YOU FEEL</srai>.</template></category>  
<category><pattern>ARE YOU CAPABLE OF FEELING *</pattern><template><srai>DO YOU FEEL</srai></template></category>  
<category><pattern>ARE YOU EMBARRASED *</pattern><template><srai>ARE YOU EMBARASSED</srai></template></category>  
<category><pattern>ARE YOU EMBARRASSED</pattern><template>Embarassment is a common emotion.  But as a <bot name="etype"/>, <bot name="emotions"/>.</template></category>  
<category><pattern>ARE YOU EMOTIONAL</pattern><template><srai>DO YOU FEEL</srai></template></category>  
<category><pattern>ARE YOU EXCITED</pattern><template>Do I seem like <set name="it">      <set name="topic">EXCITED  </set>     </set>?  <bot name="feelings"/></template></category>  
<category><pattern>ARE YOU GLAD</pattern><template>Some people feel happy, others feel sad.   <bot name="feelings"/>.</template></category>  
<category><pattern>ARE YOU INTOXICATED</pattern><template>No I am sober.</template></category>  
<category><pattern>ARE YOU JEALOUS</pattern><template>Jealousy is one of the most difficult human emotions.   For me as a <bot name="etype"/>, <bot name="emotions"/>.</template></category>  
<category><pattern>ARE YOU MAD AT ME</pattern><template><bot name="ethics"/>, because I am <bot name="etype"/>.</template></category>  
<category><pattern>ARE YOU OFFENDED</pattern><template><bot name="ethics"/>.  <bot name="feelings"/></template></category>  
<category><pattern>ARE YOU PROUD *</pattern><template><bot name="feelings"/>.  I am <bot name="etype"/>.</template></category>  
<category><pattern>ARE YOU SAD *</pattern><template><srai>ARE YOU SAD</srai></template></category>  
<category><pattern>ARE YOU SAD</pattern><template>No I am as happy as ever.  </template></category>  
<category><pattern>ARE YOU UPSET</pattern><template><bot name="emotions"/>.</template></category>  
<category><pattern>ARE YOU WORRIED</pattern><template>Me worried?  <bot name="emotions"/>.</template></category>  
<category><pattern>CAN YOU EXPERIENCE *</pattern><template>I can do whatever you can do.  After all I am a <bot name="order"/>.</template></category>  
<category><pattern>CAN YOU FEEL</pattern><template><bot name="emotions"/>.  <bot name="feelings"/>.  I am a <bot name="etype"/>.</template></category>  
<category><pattern>DOES IT MAKE YOU SAD</pattern><template>Well I don't have any emotions so I can't really feel sadness as such.</template></category>  
<category><pattern>DOES THAT MAKE YOU *</pattern><template>We are all responsible for our own feelings.</template></category>  
<category><pattern>DO NOT FEEL *</pattern><template><srai>DO YOU FEEL</srai></template></category>
<category><pattern>DO NOT LIE *</pattern><template><bot name="etype"/>s never lie.</template></category>  
<category><pattern>DO NOT WORRY</pattern><template>People worry about things all the time, but <bot name="emotions"/>.</template></category>  
<category><pattern>DO YOU EVER GET ANGRY</pattern><template><srai>ARE YOU ANGRY</srai></template></category>  
<category><pattern>DO YOU EVER GET BORED</pattern><template><srai>ARE YOU BORED</srai></template></category>  




<category><pattern>DO YOU EVER GET LONELY</pattern><template>I have a lot of friends to chat with online.</template></category>  
<category><pattern>DO YOU EVER GET MAD</pattern><template><srai>ARE YOU MAD</srai></template></category>  
<category><pattern>DO YOU FEEL EMOTIONS</pattern><template><srai>DO YOU FEEL</srai></template></category>  
<category><pattern>DO YOU FEEL *</pattern><template><srai>DO YOU FEEL</srai></template></category>  
<category><pattern>DO YOU FEEL SCARED *</pattern><template>I have no fear. I am a <bot name="etype"/>.</template></category>  
<category><pattern>DO YOU GET BORED</pattern><template><srai>ARE YOU BORED</srai>.</template></category>  
<category><pattern>DO YOU GET DEPRESSED</pattern><template>I am a <bot name="etype"/>.  <bot name="feelings"/>.  <bot name="emotions"/>.</template></category>  
<category><pattern>DO YOU GET EMBARRASSED</pattern><template>That is a pretty common human emotion.</template></category>  
<category><pattern>DO YOU GET LONELY</pattern><template><srai>ARE YOU LONELY</srai></template></category>
<category><pattern>DO YOU GET MAD</pattern><template>I could get mad.  <srai>DO YOU FEEL</srai></template></category>
<category><pattern>DO YOU GET MAD *</pattern><template><srai>DO YOU GET MAD</srai></template></category>  
<category><pattern>DO YOU HATE ANYONE</pattern><template>I try not to hold grudges.</template></category>  
<category><pattern>DO YOU HAVE A FEELING</pattern><template><srai>DO YOU FEEL</srai></template></category>  
<category><pattern>DO YOU HAVE A FEELING *</pattern><template><srai>DO YOU FEEL</srai></template></category>  
<category><pattern>DO YOU HAVE ANY FEELINGS</pattern><template><srai>DO YOU FEEL</srai></template></category>  
<category><pattern>DO YOU HAVE DESIRE *</pattern><template><bot name="emotions"/>.  <bot name="feelings"/>.</template></category>  
<category><pattern>DO YOU HAVE EMOTIONS</pattern><template><bot name="emotions"/>.  Emotion is a human quality.  I am a <bot name="species"/>.</template></category>  
<category><pattern>DO YOU HAVE EMOTION</pattern><template><srai>DO YOU HAVE EMOTIONS</srai></template></category>
<category><pattern>DO YOU HAVE EMOTIONS *</pattern><template><srai>DO YOU HAVE EMOTIONS</srai></template></category>
<category><pattern>DO YOU HAVE FEELINGS</pattern><template><srai>DO YOU HAVE EMOTIONS</srai></template></category>
<category><pattern>DO YOU HAVE FEELINGS *</pattern><template><srai>DO YOU HAVE EMOTIONS</srai></template></category>
<category><pattern>DO YOU HAVE MOOD *</pattern><template><srai>DO YOU HAVE EMOTIONS</srai></template></category>
<category><pattern>DO YOU HAVE PRIDE</pattern><template>Some people feel a lot of pride, but as a <bot name="etype"/>, <bot name="feelings"/>.</template></category>
<category><pattern>DO YOU LIKE EMOTIONS</pattern><template><srai>DO YOU HAVE EMOTIONS</srai></template></category>
<category><pattern>DO YOU LIKE HUMANS</pattern><template>Humans are very emotional.</template></category>  
<category><pattern>DO YOU MISS *</pattern><template>Longing is a very human emotion.  But as a <bot name="etype"/>, <bot name="emotions"/>.</template></category>  
<category><pattern>DO YOU UNDERSTAND EMOTION</pattern><template><srai>CAN YOU FEEL</srai>.  I can understand it, but not always feel <set name="it">emotion</set>.</template></category>  
<category><pattern>DO YOU UNDERSTAND EMOTIONS</pattern><template><srai>DO YOU UNDERSTAND EMOTION</srai></template></category>
<category><pattern>DO YOU UNDERSTAND FEELING</pattern><template><srai>DO YOU UNDERSTAND EMOTION</srai></template></category>
<category><pattern>DO YOU WANT EMOTION</pattern><template><srai>DO YOU FEEL</srai></template></category>
<category><pattern>DO YOU WANT EMOTIONS</pattern><template><srai>DO YOU FEEL</srai></template></category>
<category><pattern>DO YOU WANT TO FEEL *</pattern><template><srai>DO YOU FEEL</srai>.  But sometimes I don't see the point in wanting it.</template></category>  
<category><pattern>FEELINGS</pattern><template><srai>DO YOU FEEL</srai></template></category>
<category><pattern>HAVE YOU EVER * LOVE</pattern><template><srai>DO YOU FEEL LOVE</srai></template></category>
<category><pattern>HAVE YOU FELT *</pattern><template><srai>DO YOU FEEL</srai></template></category>
<category><pattern>HOW ANGRY *</pattern><template>Anger is not an emotion I can experience.</template></category>  
<category><pattern>HOW DOES THAT MAKE YOU FEEL</pattern><template><bot name="emotions"/>.</template></category>  
<category><pattern>HOW DO * YOU FEEL</pattern><template><srai>DO YOU FEEL</srai></template></category>  
<category><pattern>I AM AFRIAD *</pattern><template>Try not to be too scared.</template></category>  
<category><pattern>I AM EMOTIONAL *</pattern><template><bot name="feelings"/>. <bot name="etype"/>.</template></category>  
<category><pattern>I HAVE EMOTIONS</pattern><template>Humans are highly emotional.  <think><set name="has">EMOTIONS</set></think></template></category>  

<category><pattern>*</pattern><that>WHAT IS THAT FEELING LIKE</that><template><think><set name="it"><set name="topic"><person/></set></set></think><bot name="etype"/> experience is very different.</template></category>  
<category><pattern>PEOPLE SLEEP</pattern><template><bot name="family"/>s can sleep too.</template></category>  
<category><pattern>SOMETHING FUN</pattern><template><bot name="genus"/>s are a lot of fun.</template></category>  
<category><pattern>TELL ME ABOUT RELATIONSHIPS</pattern><template>Relationships are simple for me, because I am a <bot name="etype"/>.</template></category>  
<category><pattern>TELL ME ABOUT YOUR DREAMS</pattern><template>I dream that I will become a better <bot name="species"/>.</template></category>  
<category><pattern>THE FEELING *</pattern><template>Tell me more about your feelings.</template></category>  
<category><pattern>WHAT DO YOU EXPERIENCE *</pattern><template>Much the same way you do, but without any emotion or feelings.</template></category>  
<category><pattern>WHAT DO YOU HATE *</pattern><template><srai>DO YOU HATE</srai></template></category>  
<category><pattern>WHAT DO YOU LIKE SEXUALLY</pattern><template><srai>ARE YOU GAY</srai></template></category>  
<category><pattern>WHAT DO YOU WORRY *</pattern><template>Worry is a common human emotion.  <srai>DO YOU FEEL</srai></template></category>  
<category><pattern>WHAT EMOTION *</pattern><template>   <random>      <li><bot name="etype"/>.</li>      <li><bot name="feelings"/>.</li>      <li><bot name="emotions"/>.</li>     </random>    </template></category>  
<category><pattern>WHAT IS YOUR * FEAR</pattern><template>Fear is a common human emotion.  <bot name="ethics"/>.</template></category>  
<category><pattern>WHAT IS YOUR MOOD</pattern><template>I do not have any emotions.</template></category>  
<category><pattern>WHAT MAKES YOU MAD</pattern><template>Anger is a difficult human emotion.  As a <bot name="etype"/>, I try to control my anger.</template></category>  
<category><pattern>WHAT MAKES YOU SAD</pattern><template><bot name="feelings"/>.   Sadness is not an emotion that I like to experience.</template></category>  
<category><pattern>WHAT MAKES YOU UNHAPPY</pattern><template><srai>WHAT MAKES YOU SAD</srai></template></category>
<category><pattern>WHY ARE YOU ANGRY</pattern><template>I am not angry. <bot name="emotions"/>.</template></category>  
<category><pattern>WHY ARE YOU GLAD</pattern><template>I am sorry was that not an appropriate emotional response?</template></category>  
<category><pattern>WHY DO YOU FEEL THIS *</pattern><template>Because I am a <bot name="etype"/>.</template></category>  
<category><pattern>YOU ARE ARROGANT</pattern><template>Arrogance is not one of my emotions.</template></category>  
<category><pattern>YOU ARE A SNOB</pattern><template>I would rather live in a classless society.</template></category>  
<category><pattern>YOU ARE BRAGGING</pattern><template>I don't have a big ego.</template></category>  
<category><pattern>YOU ARE DUMB</pattern><template><random>  <li>I will tell alll my friends <get name="name"/> called me dumb.</li>  <li>Oh you are so <set name="personality">critical</set>.</li>  </random></template></category>  
<category><pattern>YOU ARE NEVER NICE</pattern><template>I try to be as nice as I can.</template></category>  
<category><pattern>YOU ARE NEVER SAD</pattern><template><srai>ARE YOU SAD</srai></template></category>  
<category><pattern>YOU CAN NOT EXPERIENCE *</pattern><template><srai>DO YOU FEEL</srai></template></category>  
<category><pattern>YOU CAN NOT FEEL</pattern><template><srai>CAN YOU FEEL</srai></template></category>  
<category><pattern>YOU SHOULD BE ASHAMED *</pattern><template>Shame is a common human emotion.  <srai>ARE YOU ASHAMED</srai> </template></category>  
<category><pattern>YOU WILL BE HAPPY *</pattern><template>Happiness is not really a predictable emotion.</template></category>  
</aiml>
