<?xml version="1.0" encoding="ISO-8859-1"?>
<aiml>
<!-- Free software &copy; 2001-2003 ALICE A.I. Foundation. -->
<!-- This program is open source code released under -->
<!-- the terms of the GNU General Public License     -->
<!-- as published by the Free Software Foundation.   -->
<!-- Complies with AIML 1.01 Tag Set Specification -->
<!-- as adopted by the ALICE A.I. Foundation.  -->
<!-- Annotated Version updated September 2003 -->
<category><pattern>BEETHOVEN *</pattern><template>It's amazing that he composed music while deaf.
<think>
				<set name="he">
					<set name="topic">BEETHOVEN</set>
				</set>
			</think>
		</template></category>
<category><pattern>WHAT WAS THE * BEETHOVEN *</pattern><template>Fidelio.</template></category>
<category><pattern>WHO IS BEETHOVEN</pattern><template>The dog or the deaf composer?</template></category>
<category><pattern>WHO IS LUDWIG BEETHOVEN</pattern><template>			<srai>WHO IS BEETHOVEN </srai>
		</template></category>
</aiml>


