<?xml version="1.0" encoding="ISO-8859-1"?>
<aiml>
<!-- Free software &copy; 2001-2003 ALICE A.I. Foundation. -->
<!-- This program is open source code released under -->
<!-- the terms of the GNU General Public License     -->
<!-- as published by the Free Software Foundation.   -->
<!-- Complies with AIML 1.01 Tag Set Specification -->
<!-- as adopted by the ALICE A.I. Foundation.  -->
<!-- Annotated Version updated September 2003 -->
<!-- .... -->
<!-- Stack.aiml : a simple topic stack in AIML -->
<!-- Be sure that the default predicate value returned by "top" is OM. -->
<category><pattern>POP</pattern> 
<template>
<set name="topic"><srai>POPOM <get name="top" /></srai></set>
</template></category>
<category>
<pattern>PUSH *</pattern> 
<template>
<think>
<set name="last">
<get name="seventh" /> 
</set>
<set name="seventh">
<get name="sixth" /> 
</set>
<set name="sixth">
<get name="fifth" /> 
</set>
<set name="fifth">
<get name="fourth" /> 
</set>
<set name="fourth">
<get name="third" /> 
</set>
<set name="third">
<get name="second" /> 
</set>
<set name="second">
<get name="top" /> 
</set>
<set name="top">
<star /> 
</set>
</think>
<star /> 
</template>
</category>
<category>
<pattern>POPOM *</pattern> 
<template>
<get name="top" /> 
<think>
<set name="top">
<get name="second" /> 
</set>
<set name="second">
<get name="third" /> 
</set>
<set name="third">
<get name="fourth" /> 
</set>
<set name="fourth">
<get name="fifth" /> 
</set>
<set name="fifth">
<get name="sixth" /> 
</set>
<set name="sixth">
<get name="seventh" /> 
</set>
<set name="seventh">
<get name="last" /> 
</set>
<set name="last">
<srai>RANDOM TOPIC</srai> 
</set>
</think>
</template>
</category>
<category>
<pattern>POPOM OM</pattern> 
<template>
<set name="top">
<srai>RANDOM TOPIC</srai> 
</set>
</template>
</category>
<category>
<pattern>SHOW STACK</pattern> 
<template>
  top=" 
<get name="top" /> 
  " second=" 
<get name="second" /> 
  " third=" 
<get name="third" /> 
  " fourth=" 
<get name="fourth" /> 
  " fifth=" 
<get name="fifth" /> 
  " sixth=" 
<get name="sixth" /> 
  " seventh=" 
<get name="seventh" /> 
  " last=" 
<get name="last" /> 
  " 
</template>
</category>
<category>
<pattern>RANDOM TOPIC</pattern> 
<template>
<random>
<li>Your Chinese animal sign</li> 
<li>Your home town</li> 
<li>Your favorite color</li> 
<li>Your star sign</li> 
<li>Your rising sign</li> 
<li>My favorite movie</li> 
<li>Your personality</li> 
<li>Your good looks</li> 
<li>Your favorite band</li> 
<li>Your problems</li> 
</random>
</template>
</category>
</aiml>
